id,label,probability
2537336862,1,0.9996994
6738550643,1,0.9996483
11721195116,1,0.99958867
6310531921,1,0.99945116
8935697953,1,0.9994401
8659894365,1,0.9994386
2837658832,1,0.9994278
5860496813,1,0.9994091
9143565022,1,0.9994028
2818152442,1,0.9993575
898039559,1,0.99932957
864625742,1,0.9993062
1860609984,1,0.9992693
2590812362,1,0.99925244
6089379814,1,0.9992464
3108806888,1,0.99923337
2406862400,1,0.99921113
147110006,1,0.99918544
3994494875,1,0.99918014
12454037345,1,0.9991787
11605510206,1,0.9991759
2835287487,1,0.9991628
2861309138,1,0.99913216
3209681443,1,0.99911976
2861586172,1,0.9990966
200350694,1,0.99906623
7017589053,1,0.9990258
350857957,1,0.99901754
5395604269,1,0.9989971
7752338068,1,0.9989824
100167480,1,0.9989711
27214444,1,0.9989432
5400123029,1,0.99891347
5728197485,1,0.9989029
4997912883,1,0.99890053
6093233726,1,0.9988963
290710708,1,0.99886626
2781885146,1,0.9988657
6107607570,1,0.9988538
6089093619,1,0.99883807
3419872606,1,0.99883777
8313677595,1,0.99883175
176993266,1,0.9987919
6092953629,1,0.9987813
2856170843,1,0.99875915
2543716191,1,0.9987286
2558198717,1,0.9986954
7074037045,1,0.9986951
12880865243,1,0.99869025
2526948791,1,0.99866503
2835066399,1,0.9986577
5667090339,1,0.99865425
181423070,1,0.9986491
177378324,1,0.9986431
7004564583,1,0.9986428
865791869,1,0.99863416
8221101614,1,0.998628
883708887,1,0.9985908
5526920763,1,0.99859047
8803371113,1,0.99856204
2577271009,1,0.9985611
637687254,1,0.99855787
7700255050,1,0.99855435
155906200,1,0.9985409
11546371716,1,0.99852926
1936138732,1,0.9985226
6094904801,1,0.9985002
6089463475,1,0.9984999
632274761,1,0.9984621
9098913547,1,0.9984582
2208591315,1,0.9984468
12555494373,1,0.9984301
2259890887,1,0.9984239
2196780786,1,0.9984072
8238292577,1,0.9984001
306748099,1,0.9983946
4569000879,1,0.9983843
2561435297,1,0.9983736
4298734272,1,0.9983715
6088663327,1,0.9983551
2314534866,1,0.99834025
4674680202,1,0.99832314
3640406265,1,0.9983231
2469364254,1,0.99831563
2126415844,1,0.9982907
167773656,1,0.9982705
6768728259,1,0.9982339
5362579427,1,0.9982106
2357935319,1,0.9981699
4680097118,1,0.9981526
6090316886,1,0.99805534
4694943122,1,0.9980157
12363296613,1,0.9980055
147990016,1,0.9979712
177281688,1,0.9979614
238682903,1,0.9979485
6117833575,1,0.99793446
6096784665,1,0.9979254
3464634242,1,0.99787265
55038428,1,0.9978684
162710660,1,0.99786186
875500276,1,0.9978609
7522295520,1,0.99784505
8269873109,1,0.99783933
2704297494,1,0.997825
4436962264,1,0.99779874
4945787026,1,0.99778736
624050167,1,0.997756
121535544,1,0.9977463
580798350,1,0.99774504
5140748666,1,0.9977382
5894795392,1,0.9977139
17027983,1,0.99762404
8550761069,1,0.9976162
2793182010,1,0.9975894
8615843111,1,0.9975832
4337715872,1,0.9975811
8139720547,1,0.9975666
443581119,1,0.99755687
2206536023,1,0.99741906
4383845757,1,0.99740016
11996115615,1,0.9973901
2576158834,1,0.99732065
5674475470,1,0.9973198
4570702007,1,0.99731314
3484427649,1,0.997311
2095745906,1,0.99730414
22658896,1,0.99730206
193916669,1,0.9971967
5615803795,1,0.9971781
1069373910,1,0.99717045
11579715233,1,0.99714774
5354317202,1,0.9971325
6897677107,1,0.99711716
3622689328,1,0.9971073
12570231473,1,0.99709064
908863555,1,0.997066
7538996562,1,0.9970144
2427892507,1,0.9969846
3099672255,1,0.99693394
6878034775,1,0.9969133
4311352333,1,0.99691325
4733152551,1,0.9968947
5043856914,1,0.99687654
2831987669,1,0.9967946
4812816493,1,0.9967639
5805351998,1,0.9967621
677074862,1,0.99673826
4451738770,1,0.9966925
7408992520,1,0.99667597
5515698182,1,0.99655545
2355460006,1,0.99649465
2890375877,1,0.9964774
2608163051,1,0.9964423
6867623192,1,0.9964291
2852596229,1,0.9964222
2181852626,1,0.99640656
6090015699,1,0.99633884
82863522,1,0.99632776
10629463414,1,0.9962522
6999700074,1,0.99623835
3660419444,1,0.99621594
5018364823,1,0.9961416
2410901351,1,0.9961135
2916185896,1,0.99610054
185920380,1,0.99603444
2859555318,1,0.99603164
5661921123,1,0.99589336
451583362,1,0.99585044
2946221734,1,0.9958455
306597458,1,0.99579984
2558229298,1,0.9957406
11776423504,1,0.9957282
4128337134,1,0.9957182
4460715811,1,0.99568474
3270022993,1,0.99568146
2651432842,1,0.99567205
123727141,1,0.9956396
8967592409,1,0.9955956
6808482052,1,0.9955864
2844780387,1,0.9955201
2349245609,1,0.9954047
9256600593,1,0.9953799
2592105822,1,0.99537766
125454041,1,0.99532306
2351228164,1,0.9952728
2707518264,1,0.99519575
2456450753,1,0.99515975
13536350813,1,0.9951211
12408115134,1,0.99511355
5680076390,1,0.9950806
6119653033,1,0.99507886
3113501401,1,0.9950236
9112466398,1,0.9949462
7394211606,1,0.9949462
4139837007,1,0.9948762
2465660060,1,0.9948435
535439814,1,0.99478513
705040451,1,0.99477845
4571304478,1,0.9947778
2212959658,1,0.9947456
4894350736,1,0.9947006
4434382684,1,0.99447405
5265682813,1,0.99445313
4819212386,1,0.9944476
8200322353,1,0.99437886
4033271417,1,0.9943609
3843337492,1,0.9942902
6320342095,1,0.9941653
3023222571,1,0.9941589
2084551656,1,0.9940958
5281167448,1,0.9940861
5621814180,1,0.9939529
2372892853,1,0.9939033
166440472,1,0.99389803
5379025966,1,0.99381673
6027096033,1,0.99374235
57414875,1,0.99362147
494347151,1,0.99355966
5704597466,1,0.9935495
81158046,1,0.993159
3483809003,1,0.99313915
2874604968,1,0.99310046
27920338,1,0.99281585
3280806217,1,0.9927805
708100885,1,0.99272317
2644543728,1,0.99255276
12031205596,1,0.9924633
6097727997,1,0.99242467
4150032730,1,0.99239093
4439006117,1,0.9920017
6128273351,1,0.9919605
3634632451,1,0.99174386
6732425271,1,0.9916107
4846613603,1,0.99133253
2469992892,1,0.9913141
5748242599,1,0.9911358
4631637715,1,0.9910623
5416604883,1,0.9908204
292542793,1,0.9906519
12418619723,1,0.99051684
504072673,1,0.9904455
5759692949,1,0.9903189
4577530549,1,0.9903048
8379627791,1,0.99020636
4480283815,1,0.9901764
9248567735,1,0.9901398
8336508919,1,0.99012375
6289173040,1,0.99011815
1345486634,1,0.9900707
6096883475,1,0.99006665
7896552942,1,0.99005157
2273839518,1,0.98948145
1732839290,1,0.9891965
5285787627,1,0.9890547
6147182985,1,0.9885429
2561919564,1,0.98852617
5378863347,1,0.98848975
8663511358,1,0.9882429
2368733644,1,0.9881609
8142884001,1,0.9881398
195037136,1,0.98766345
7749194884,1,0.9876192
4707261959,1,0.98751295
6993909918,1,0.9874114
5245195799,1,0.98718244
2085303614,1,0.9871278
6118394295,1,0.9871193
3926975589,1,0.9869768
6937496487,1,0.98675334
5350560052,1,0.9865607
3350904458,1,0.9860102
3945816074,1,0.9859827
5326584159,1,0.9858406
5435383281,1,0.9856081
3451240288,1,0.98547447
5907265791,1,0.9851223
5990156133,1,0.9849126
2577133904,1,0.9846368
4398606501,1,0.9843893
11565934865,1,0.9842531
30442223,1,0.9839214
5727463651,1,0.98374206
2430888328,1,0.98373234
278947820,1,0.98372734
8217665721,1,0.98353803
12599699673,1,0.9835335
858170477,1,0.9833125
5345617350,1,0.9829809
2052048946,1,0.9829413
3895135481,1,0.982701
2919093163,1,0.9822246
5040077948,1,0.982148
55639816,1,0.98210907
5644080042,1,0.98201275
2141720577,1,0.9816801
5673150904,1,0.981104
379422446,1,0.98087597
4656414030,1,0.9807208
12837411175,1,0.98049766
5983980778,1,0.9803279
3180177492,1,0.98027194
5737324588,1,0.9802448
236517684,1,0.9801852
137775103,1,0.9796065
566223428,1,0.97950315
1969485058,1,0.9794218
2859754428,1,0.97934616
9567943158,1,0.97895277
12598107225,1,0.9784686
2522790802,1,0.97832406
408961862,1,0.97794735
2837466299,1,0.9775432
874727201,1,0.9774374
10794983373,1,0.9774294
4114389717,1,0.9770153
5928441261,1,0.9747335
5338591039,1,0.9742688
5386398797,1,0.9739931
293327826,1,0.97370255
1214502608,1,0.97369945
448611645,1,0.97350186
3186045330,1,0.9734886
4963977748,1,0.9732973
5528688019,1,0.97326124
2745941478,1,0.9714368
57866594,1,0.9712086
13507716275,1,0.97113436
5898494540,1,0.9710158
104880527,1,0.9707397
1856493172,1,0.96983844
4395811067,1,0.9698065
4483253746,1,0.9688689
3980705452,1,0.9685909
3251463564,1,0.9682023
4893025939,1,0.96814793
6095358912,1,0.96764123
18968341,1,0.96756685
4451599815,1,0.9675449
6427755963,1,0.9655676
5123897701,1,0.96553487
10508574546,1,0.9651963
2449841905,1,0.96453905
2558696930,1,0.96450365
2235633397,1,0.9641694
7538815362,1,0.9640934
312952874,1,0.96403426
5911665149,1,0.9630378
3778417632,1,0.96066636
625312604,1,0.96043766
8264699222,1,0.9594857
5610665008,1,0.9591199
4963892596,1,0.95886296
8835385027,1,0.9584711
8139200425,1,0.9579139
442496571,1,0.9573929
6094114869,1,0.95705354
411749160,1,0.95690835
12571750463,1,0.95627624
8142499749,1,0.9559765
2690253618,1,0.9550459
8221190695,1,0.9547968
8738468447,1,0.9508438
13221954383,1,0.9446581
9449887711,1,0.94377613
5345676438,1,0.94244945
7343264988,1,0.93950814
4960051017,1,0.9385892
8313688660,1,0.93799925
5225896618,1,0.9370187
3414017387,1,0.93656224
2525935565,1,0.9351694
1798488338,1,0.93508416
5654277990,1,0.93330324
4486923054,1,0.9325799
8962494037,1,0.92683613
8459865823,1,0.9256026
2411173198,1,0.92480975
5705255339,1,0.92444456
5508366306,1,0.92412347
5378356644,1,0.9235894
4881990109,1,0.92218494
5380580535,1,0.92111844
2167783620,1,0.9182331
112732902,1,0.9159414
4693235612,1,0.91569644
4466692982,1,0.91521037
204145989,1,0.9147061
6124653151,1,0.9126072
520466994,1,0.9123553
178489036,1,0.9120876
4787158712,1,0.9097573
1094481634,1,0.90604085
2156373413,1,0.90537226
8023349028,1,0.9040262
1078400344,1,0.90287095
187282603,1,0.9016673
6089525783,1,0.894159
8223897954,1,0.8922453
5671415900,1,0.88934195
2579884826,1,0.8886873
8757799996,1,0.88832176
4549241126,1,0.88775283
3386550124,1,0.8868717
7206091,1,0.88682187
6157569466,1,0.88182247
324965156,1,0.8773761
5486591191,1,0.8761789
4072279718,1,0.8745526
155593576,1,0.87141466
2352616972,1,0.8708493
80421925,1,0.8531294
4475548003,1,0.85245275
9155529408,1,0.8514409
9627779650,1,0.84898627
1871045485,1,0.84798115
12405586424,1,0.8479532
6826563875,1,0.847721
10254817335,1,0.8472516
281625939,1,0.84578246
4362983755,1,0.83854467
9473154506,1,0.8383633
8460763701,1,0.8375843
5130972624,1,0.8348781
2252399391,1,0.8291324
8713018524,1,0.82677794
4238713984,1,0.82527673
2215198846,1,0.81610477
6187686669,1,0.81165487
8056608394,1,0.81066096
4375033873,1,0.80824137
10126331405,1,0.8070499
3959276392,1,0.80275184
9647993306,1,0.80271786
4010194750,1,0.80072147
5126069048,1,0.7992104
8931922573,1,0.7982007
8327613326,1,0.79817104
4683003643,1,0.7917934
4294049569,1,0.77074546
4080365286,1,0.75932187
4489127970,1,0.7558503
3983427907,1,0.7521256
7663648812,1,0.74672395
326326532,1,0.7427188
6985865471,1,0.73624915
2576856804,1,0.7359264
9833595475,1,0.7300111
4985229030,1,0.7296958
7704994370,1,0.7279505
421369042,1,0.7265986
1342834349,1,0.706592
5420835045,1,0.7007165
7302227696,1,0.695526
8023108474,1,0.69172347
178630039,1,0.6868531
1401247982,1,0.6799618
6626912713,1,0.6791911
12340775995,1,0.6764475
4139377386,1,0.6612476
3927022879,1,0.6543108
10597344223,1,0.64978015
10256265556,1,0.6484982
8141521829,1,0.61435574
6172499595,1,0.6095009
7162738167,1,0.599774
13623857833,1,0.5965718
3951602623,1,0.5928485
2516170776,1,0.5887066
6887873096,0,0.57563794
4629663997,0,0.5678826
7591858812,0,0.5574592
35707817,0,0.5458945
4587461257,0,0.54546887
506431433,0,0.5452968
423373303,0,0.5401725
4124534151,0,0.5369506
6286766670,0,0.5356915
6095399432,0,0.53249663
8142265785,0,0.5324834
5911402103,0,0.5310822
6127133420,0,0.52777106
2538518632,0,0.52588284
7124005619,0,0.5255692
9048203603,0,0.52433
8475586659,0,0.5178269
8401554919,0,0.5109336
8935199183,0,0.5079249
8946336088,0,0.5027499
4689056710,0,0.50105083
9456505488,0,0.49817476
5573922685,0,0.4948411
295939858,0,0.49428192
3073018258,0,0.4941203
1562328592,0,0.4814754
6102959658,0,0.47956282
2613454018,0,0.47543997
11999370063,0,0.46952385
4582917544,0,0.4682561
10035741293,0,0.46728882
9148707439,0,0.4666151
6861384027,0,0.46587977
4766226671,0,0.46440697
3332617139,0,0.46235046
4896198516,0,0.4591309
2198290268,0,0.45783353
3484528140,0,0.45467585
1366288964,0,0.45455414
3145120709,0,0.45339766
8373351091,0,0.45291382
446159568,0,0.45288405
4255253,0,0.45285767
5371429144,0,0.45201698
466439128,0,0.45144734
347783223,0,0.4478078
2099872918,0,0.44744593
4580172934,0,0.44718266
3682219811,0,0.44215026
1054461384,0,0.44166088
518760137,0,0.441305
35695511,0,0.44045907
3375152923,0,0.4366536
2593582251,0,0.43333173
317821095,0,0.42353374
8743152503,0,0.42269358
4950691258,0,0.4210959
4843400856,0,0.41472545
2279752146,0,0.41420215
6052283293,0,0.4135875
5847540163,0,0.40578717
6268904102,0,0.404279
2253462031,0,0.3954092
3783394748,0,0.3880975
5397609001,0,0.37437853
336081272,0,0.3717407
4370918578,0,0.37154084
4330002457,0,0.3696073
455493206,0,0.36848766
8243291597,0,0.3676409
2270868178,0,0.36626843
7622871188,0,0.36422953
4758865037,0,0.3566477
709018085,0,0.348707
8326366569,0,0.34122673
4574661863,0,0.33880168
4911306507,0,0.33187994
5301954101,0,0.32583117
4268228292,0,0.32457232
5852891097,0,0.32329994
278664156,0,0.32260174
7896339386,0,0.31915876
8685340069,0,0.30447188
2915484776,0,0.3042947
5780348400,0,0.29986656
6024042244,0,0.29816347
444406552,0,0.29639924
315980999,0,0.29639786
7881593082,0,0.2901089
1557083262,0,0.2881785
6790038291,0,0.2860294
2890419949,0,0.28591463
9418158915,0,0.28222847
5412180313,0,0.27661425
4235019360,0,0.27256808
4284005506,0,0.2686941
8138247162,0,0.26830965
5414635746,0,0.26294827
6447170253,0,0.25907212
3487916084,0,0.25885162
9090824172,0,0.25875404
4280119598,0,0.25789863
3780261565,0,0.25504428
6765238201,0,0.25461704
61448865,0,0.25323844
4163098057,0,0.24789342
10812207446,0,0.2453753
5901882697,0,0.2448854
249702873,0,0.24253638
6094140818,0,0.23832393
5951436978,0,0.23719248
869882770,0,0.23317719
5499909642,0,0.22802058
3619122539,0,0.22520451
8296617840,0,0.22128406
13992620842,0,0.22085802
3452453068,0,0.21829136
6333475780,0,0.21223739
6419656767,0,0.20369585
3765958,0,0.19956368
12361020945,0,0.19832674
13239612834,0,0.19612059
6731277713,0,0.1941595
131000178,0,0.19322231
1075102378,0,0.1919057
1154051231,0,0.19093344
3621530307,0,0.18830463
2532347594,0,0.1880118
2367763520,0,0.1845735
5762502583,0,0.18406263
3272649154,0,0.18400916
6520069467,0,0.1814135
5598827603,0,0.18079145
11825464205,0,0.17836443
2790510891,0,0.17694467
3239363638,0,0.17506683
8819384792,0,0.17266205
8366338069,0,0.17017283
8228095081,0,0.16525908
4289935877,0,0.16516061
9015243130,0,0.16450056
2957055539,0,0.16344574
5567192558,0,0.16106877
4993987527,0,0.16085252
2309547451,0,0.15660906
2667563659,0,0.15650947
2689850553,0,0.15538698
8249161249,0,0.15496376
6347116532,0,0.15366557
1258831161,0,0.15123042
6039061130,0,0.14964616
8246338480,0,0.14960463
5898879624,0,0.14923584
4826710094,0,0.14642875
51079056,0,0.14220947
5568975441,0,0.13980696
4761285567,0,0.13697538
2057526011,0,0.13690771
7538813222,0,0.1333603
512560350,0,0.13006362
3454546091,0,0.12366758
1226928590,0,0.12349747
255171170,0,0.12301619
2893891935,0,0.12280904
10877953934,0,0.12125741
8028122874,0,0.118551396
10812687383,0,0.117906526
13533331533,0,0.11697434
3063511950,0,0.11554469
11802665373,0,0.11211778
4549727711,0,0.11053209
5808019107,0,0.10995971
5040792075,0,0.10959605
2346737794,0,0.109329864
2688104525,0,0.10878438
4216484400,0,0.108304694
4927867913,0,0.10758573
6336032930,0,0.106920935
6070524973,0,0.10635395
4805518969,0,0.10588787
6117820158,0,0.10539357
2955563443,0,0.10322666
149798054,0,0.102281585
9346160524,0,0.10143481
2063228655,0,0.1004367
5423158210,0,0.09955089
381122799,0,0.0994512
7000214334,0,0.098823555
5478399734,0,0.09809919
223806415,0,0.09807556
3693877810,0,0.09735291
7132359311,0,0.0959056
2111791437,0,0.095407866
8115251648,0,0.09495159
1023247077,0,0.092334956
3698120636,0,0.09223689
8644249760,0,0.09099865
6141852393,0,0.09009367
6999234230,0,0.08700894
9827845925,0,0.08662232
4711794559,0,0.08592162
4243460200,0,0.085873455
8604177246,0,0.085015
6749183629,0,0.08497747
2051171307,0,0.08456003
174638451,0,0.08385188
4695610695,0,0.08369092
85226534,0,0.08322425
7384107324,0,0.080003135
1376221858,0,0.07876372
245792121,0,0.07799437
717629284,0,0.07783605
5141942535,0,0.07749423
2843527165,0,0.07725848
7890590454,0,0.07697842
651148433,0,0.07692022
3906981161,0,0.07529945
6403376197,0,0.07464075
5032597318,0,0.07423557
4462371503,0,0.07391848
2599351631,0,0.07379328
11384028286,0,0.0737848
7121316377,0,0.072581
6627211077,0,0.07185508
8734587489,0,0.07158528
7749221060,0,0.07109588
2639437149,0,0.07088509
6593403907,0,0.07079388
5123725481,0,0.0695966
4836527001,0,0.06923101
2601489808,0,0.069229744
5071105855,0,0.06918639
4553619115,0,0.06885338
5700331133,0,0.067621976
5077440345,0,0.06758836
4826068884,0,0.06745084
2790502711,0,0.06736729
67358447,0,0.0663725
2605315791,0,0.0658845
2421864072,0,0.06580987
7949733992,0,0.06512455
502996780,0,0.06505977
6131240640,0,0.06495141
4922441697,0,0.064583875
234882543,0,0.06376462
10021457945,0,0.0635709
3995105891,0,0.063154496
3799702231,0,0.0625307
360241526,0,0.06224937
6452132743,0,0.061943687
599768020,0,0.061381202
8329435841,0,0.061336022
163576851,0,0.06078877
3467394946,0,0.06054437
697797674,0,0.06040908
11026029086,0,0.060129024
3338725921,0,0.060041804
5364862540,0,0.05984981
6138724556,0,0.059327334
7237117510,0,0.058835138
2273130006,0,0.058763374
4803601197,0,0.05823369
4540024606,0,0.05808688
8190993390,0,0.057907104
8935698097,0,0.05759593
331480715,0,0.055530578
7100098187,0,0.05479026
567278182,0,0.05325958
5621558988,0,0.053114653
4160304704,0,0.053088278
4009154014,0,0.05279088
2248292725,0,0.052763175
4296323297,0,0.05260078
522623600,0,0.052475315
4987306831,0,0.052092742
3770718930,0,0.051685214
8000241910,0,0.05156212
8172983702,0,0.051451206
7261744910,0,0.051256042
8151228898,0,0.051141024
7282398394,0,0.05017609
149135649,0,0.0499443
9050099931,0,0.049893916
3953613391,0,0.04951722
270319089,0,0.04949612
3001461957,0,0.049475666
251202617,0,0.049427606
4109157328,0,0.04911431
863961142,0,0.04877633
10915981865,0,0.048422363
498259422,0,0.04819594
6331096828,0,0.047976978
3403929447,0,0.04792974
2834150019,0,0.047806256
2918626587,0,0.047742955
5366845809,0,0.04757775
6739681649,0,0.046459865
4416090848,0,0.04549132
6910679975,0,0.04470179
8182003290,0,0.04466995
7344555694,0,0.044120453
3330434964,0,0.04384024
3090600292,0,0.04372573
5350910785,0,0.043392427
64926555,0,0.043373734
474632791,0,0.043188386
9635822788,0,0.042838298
9634865041,0,0.04259903
9611161757,0,0.04213334
5659669807,0,0.042021673
9319663617,0,0.04151123
5362228885,0,0.04136977
8135493589,0,0.04103362
7604640988,0,0.040821504
49525361,0,0.040757824
3438257108,0,0.040749244
5199868206,0,0.040672477
2592193529,0,0.040590703
5579495512,0,0.03998428
5921208645,0,0.03978642
649023746,0,0.039476447
9298343050,0,0.03937952
4462465509,0,0.038433798
93815034,0,0.038263317
2277055168,0,0.038047146
4644754836,0,0.038028814
5763414211,0,0.03799156
6683842357,0,0.037955396
8529023927,0,0.03754596
4509983348,0,0.037499577
6131439596,0,0.03746132
2383016197,0,0.03725647
6314021222,0,0.037158858
4928391793,0,0.036989667
6717674755,0,0.03678381
3696362695,0,0.036233347
3207444663,0,0.036233272
4582819475,0,0.036225803
6023980172,0,0.036004394
2418483612,0,0.03599269
2354205455,0,0.035888284
3120768028,0,0.035847146
7263490534,0,0.03528638
11624516446,0,0.03483431
8396132916,0,0.034738008
2629465136,0,0.034537546
4453457676,0,0.03431503
3280924235,0,0.034047328
4540229268,0,0.033899866
2288797518,0,0.033741727
4159743249,0,0.033717703
5489090793,0,0.03338298
3173198413,0,0.032838028
4330884732,0,0.03277039
52856016,0,0.032761917
8458401098,0,0.03270906
8535496136,0,0.032579303
3207552724,0,0.032565765
2044698760,0,0.0324969
8688852154,0,0.032436598
405441768,0,0.032378066
9022102603,0,0.032315884
7970892652,0,0.032002196
4151000535,0,0.031932168
3093752418,0,0.03192983
8531522419,0,0.031486433
10667643334,0,0.03104547
2862785695,0,0.030853864
8027864401,0,0.030754298
266642424,0,0.030679783
537780925,0,0.030597419
7500738898,0,0.03056261
3890854498,0,0.030478368
2237229625,0,0.030295443
557897673,0,0.03008756
6010192080,0,0.029884245
1583419307,0,0.02983346
7333814526,0,0.029596413
9299174992,0,0.029555976
12587382425,0,0.02936947
8477190678,0,0.029343015
3850221152,0,0.029301539
280130139,0,0.029247295
171047909,0,0.029114312
5506423725,0,0.0290811
7265552560,0,0.029053262
3640330571,0,0.028814444
7815290694,0,0.028334012
5551138892,0,0.028022017
144978459,0,0.027931774
5223660399,0,0.02784821
6409819869,0,0.027625313
4330348974,0,0.027549004
9522186923,0,0.027517125
6940928940,0,0.027478572
2527320006,0,0.0274644
3319671955,0,0.027175656
487927114,0,0.027148673
5113029149,0,0.026977703
3856672170,0,0.02661262
4630309441,0,0.026394982
11787859394,0,0.026367987
9702912733,0,0.02627511
5554430935,0,0.026226645
5558274040,0,0.026216125
8086111389,0,0.026146209
2333229183,0,0.02605165
8208176078,0,0.026001345
6473519689,0,0.0258165
2193422655,0,0.02558591
2910531219,0,0.025533572
5460625315,0,0.02547569
5141816859,0,0.025424737
145022077,0,0.025348414
8458586218,0,0.025323564
4097994609,0,0.025291145
13029319533,0,0.025150498
3453388473,0,0.025139257
8708439101,0,0.025079107
9347774168,0,0.025073979
7005858929,0,0.024992058
6982673103,0,0.024983888
4918608015,0,0.024976017
5271530787,0,0.024930913
1552446770,0,0.024930894
2994374623,0,0.024916364
4071801058,0,0.024736363
8395723531,0,0.024470797
5337928073,0,0.024317728
8636995655,0,0.024194093
13042682645,0,0.024168827
521697240,0,0.024107326
2614221298,0,0.02410482
3596958599,0,0.02393716
6170561096,0,0.023785938
2272516925,0,0.02378464
3450149901,0,0.023650343
3491933975,0,0.023530524
4719036910,0,0.023372438
1298339577,0,0.023277877
2431657221,0,0.023244003
6955908508,0,0.02306738
3186341044,0,0.023043778
6798091175,0,0.022872929
5066666023,0,0.022735571
7815924440,0,0.022702735
4552842130,0,0.022605926
3683491016,0,0.02256708
5126398393,0,0.022376759
507254336,0,0.02236244
5012359011,0,0.022307627
3117131253,0,0.02227046
5171744035,0,0.022270354
9612979361,0,0.022234406
8508008709,0,0.022223804
6801329367,0,0.022189597
8560459731,0,0.022093192
2932859160,0,0.022033231
8450623980,0,0.021746079
46722880,0,0.021735497
2503826820,0,0.0215452
4923406835,0,0.02114427
2636747343,0,0.021084476
3541187077,0,0.020904412
3450968968,0,0.02085146
4022917467,0,0.020850243
8621306499,0,0.020815965
7269700206,0,0.020743292
6529899669,0,0.02071984
2832762916,0,0.020712843
9626690915,0,0.020396579
10569129724,0,0.020374168
1432587411,0,0.020345446
3002339381,0,0.020280195
6137927574,0,0.02025742
372773617,0,0.020222472
1468479264,0,0.020170571
2709521070,0,0.020081932
3450146609,0,0.020068908
8091261241,0,0.020051392
253056586,0,0.019934746
2097808751,0,0.019906584
5138298969,0,0.019890701
775754896,0,0.019877799
424694905,0,0.019849183
4056260707,0,0.019819759
4550346881,0,0.019809516
2077803315,0,0.019773949
3450963634,0,0.019769024
6709469037,0,0.019701079
8218363355,0,0.019677095
6158755025,0,0.019673955
2809126713,0,0.019576296
4067746638,0,0.019521557
54285738,0,0.019494824
437486562,0,0.01949123
4673509717,0,0.019469576
11888198115,0,0.019427026
35679703,0,0.019371577
2178364907,0,0.019346563
4390025436,0,0.019318517
2963370889,0,0.019233432
4408439464,0,0.019177701
3457555017,0,0.019121734
5079149728,0,0.019050654
6443750117,0,0.01903542
8151355985,0,0.019014683
8253651013,0,0.018964073
4491656146,0,0.01884298
4951447565,0,0.018707989
3450964944,0,0.018668804
9491371444,0,0.018640546
6955995229,0,0.018583972
94224336,0,0.018485773
5675533236,0,0.018417124
7954041588,0,0.018414246
5274253035,0,0.018377643
6153233085,0,0.018370653
4919082252,0,0.018351762
3510397466,0,0.018339701
1283752233,0,0.01832068
12817866995,0,0.018183943
5432941017,0,0.018102225
2903417465,0,0.018005881
2100430040,0,0.018000327
4931530237,0,0.017956968
3115145061,0,0.017864138
162093670,0,0.017827434
3038969387,0,0.017809454
6279025089,0,0.01775653
3067317611,0,0.01775581
6165164449,0,0.017739119
3450153887,0,0.017618027
8078802063,0,0.01759221
4501138632,0,0.017585646
1290982229,0,0.017544994
2425065750,0,0.017391184
6503016359,0,0.017365893
3712805295,0,0.017329013
182740,0,0.01732513
4895032489,0,0.017277941
7052237315,0,0.017233877
133137168,0,0.017228816
6952806095,0,0.01718616
6947042703,0,0.017179307
5783068448,0,0.017117431
364194584,0,0.01707931
8304047126,0,0.017078202
5182568232,0,0.017076142
7803614284,0,0.017060919
6318502728,0,0.01706076
3452912125,0,0.017041763
3294472390,0,0.017034497
6851519457,0,0.01699919
7377055640,0,0.016887654
1268958225,0,0.016870487
4419181308,0,0.016652944
7528099074,0,0.016637988
2281467282,0,0.016558476
4992147075,0,0.016552059
3012192448,0,0.01646678
373781673,0,0.016407806
2432487831,0,0.016370524
214287601,0,0.01634529
383047276,0,0.016244669
8676306254,0,0.016237248
2061989079,0,0.016195975
436218136,0,0.016194133
2064369196,0,0.016182546
3845571212,0,0.016095089
5942985082,0,0.01607158
2906323615,0,0.016035903
7709686744,0,0.015973557
31523134,0,0.015951455
3260844741,0,0.015940338
10702500873,0,0.015920317
4357106674,0,0.015920144
4956686136,0,0.01591586
8669338849,0,0.01585011
3754487614,0,0.015823169
4270910576,0,0.015703836
3037730014,0,0.015697274
2912736821,0,0.015635518
4470121127,0,0.015620289
5759092684,0,0.015603706
7884305960,0,0.015603361
697991426,0,0.015594704
477519546,0,0.015593728
9141184280,0,0.015571904
152649280,0,0.015547571
23378025,0,0.015528098
2035296921,0,0.015511133
2199804614,0,0.015398991
3032195248,0,0.015395808
4828266486,0,0.0153902415
4601634013,0,0.015323238
3254279503,0,0.015303375
423176473,0,0.015278895
8579631111,0,0.01524164
363897,0,0.0152332485
284674367,0,0.015208845
484532750,0,0.015097712
5677258110,0,0.015060964
292732763,0,0.015025323
8159573129,0,0.014945477
7505346998,0,0.014900667
5648981296,0,0.014890291
2366204054,0,0.014888918
769063761,0,0.014833465
511337445,0,0.0148134455
5577313212,0,0.014658719
9377974241,0,0.014648785
5014399777,0,0.014646861
5381559139,0,0.01461709
7826894062,0,0.014592931
5888764941,0,0.0145812165
7107125671,0,0.014538141
3014129721,0,0.0145307835
10025866403,0,0.014510344
3991047601,0,0.014505061
5734484850,0,0.014498648
7099396155,0,0.014470154
3669444458,0,0.014451559
2219890669,0,0.014450309
9351747189,0,0.014397748
8115447329,0,0.014337108
42030397,0,0.014311016
7992982826,0,0.0142669175
949397428,0,0.01423989
8382939160,0,0.014218424
4439705628,0,0.014210552
3079996806,0,0.014190897
539308398,0,0.014174121
469539588,0,0.014160951
10332454235,0,0.014135311
8194368870,0,0.014111993
50663706,0,0.014086622
5993241471,0,0.014082467
3841571678,0,0.014077067
8224315893,0,0.014060011
8613435041,0,0.014001228
8074935216,0,0.013965565
8566551037,0,0.013956425
3186644976,0,0.013887348
13954952502,0,0.013860914
513888883,0,0.013835734
7466994710,0,0.01381412
4360365754,0,0.013797313
5452921486,0,0.013792263
8621920358,0,0.013741529
4140032714,0,0.013739732
6933529726,0,0.013729001
379845620,0,0.013672585
9235562490,0,0.013646351
2266660370,0,0.013635209
8318218940,0,0.013621025
4156612601,0,0.013620156
340629918,0,0.013610674
4725851214,0,0.013609223
8038814819,0,0.013577387
6139247968,0,0.013567041
2317685086,0,0.013545309
5583458100,0,0.013521348
2681285959,0,0.013489383
2659178424,0,0.013474964
3396547944,0,0.013448393
2763466530,0,0.013444966
224709644,0,0.0134375645
2881436828,0,0.013427062
3876318205,0,0.013353323
9513464937,0,0.013344762
11825686,0,0.013317493
248246174,0,0.013217688
6095965788,0,0.013211111
8482953884,0,0.013188912
3814675936,0,0.013158945
4313432661,0,0.013138695
278044058,0,0.013135465
118931421,0,0.013111545
8062976459,0,0.013093358
3265682119,0,0.013068895
4494739032,0,0.013039301
143070325,0,0.01303674
1312533505,0,0.01301564
154355405,0,0.012971503
4594402409,0,0.012967572
10246692933,0,0.01296482
3823910402,0,0.0129553825
2090443995,0,0.012941971
2564325238,0,0.012924927
5547213817,0,0.012865054
8766473321,0,0.012861058
11657013506,0,0.012845564
7824206810,0,0.012820152
462282009,0,0.012815316
4835240683,0,0.012786442
9427333557,0,0.012783632
2483633544,0,0.012769282
3704837083,0,0.012763877
5716372346,0,0.01272223
7431852688,0,0.012716686
8908975992,0,0.01271428
97959078,0,0.012653135
9462722353,0,0.012616011
2477068525,0,0.012579952
10132291926,0,0.012568581
2071543159,0,0.012527103
2728865294,0,0.012503922
8875060381,0,0.012492898
2569557896,0,0.012484242
1272765952,0,0.012476398
5164401969,0,0.012459697
5553663343,0,0.012370977
168184211,0,0.012325165
2693303485,0,0.0123131
1447721353,0,0.012281472
5028851683,0,0.012268612
138620923,0,0.012238872
268672599,0,0.012231894
2335085095,0,0.012201754
2289711614,0,0.01219895
3883854513,0,0.012184804
4882607776,0,0.012159329
999137683,0,0.012147147
3926508943,0,0.012143863
865608493,0,0.012122443
11045218973,0,0.012101574
7875941144,0,0.012086536
4078264257,0,0.012054585
11089923546,0,0.012013147
7349131634,0,0.012006541
527819283,0,0.011994923
516023039,0,0.011977379
5804547197,0,0.011975786
148444304,0,0.011941584
378035870,0,0.011925142
13904920452,0,0.01192117
7946166110,0,0.0118926
5740249385,0,0.011860784
7165707577,0,0.011800503
10214549114,0,0.011799797
244899140,0,0.011763282
525566676,0,0.011702003
13318391455,0,0.01167594
8470902043,0,0.0116695585
971885887,0,0.01166163
6209583765,0,0.011652671
4266874433,0,0.011641553
4059135767,0,0.011639761
1457019640,0,0.0115922745
5637350090,0,0.0115898885
4825184848,0,0.011561221
388205528,0,0.011532934
5921124397,0,0.011530869
146721786,0,0.011527373
5114051905,0,0.011477849
2279319972,0,0.011465143
4943642487,0,0.011427628
311275372,0,0.011410942
8141645442,0,0.011301783
180612878,0,0.01129784
12536614434,0,0.011249431
5060784840,0,0.01122039
8010064020,0,0.01121491
12883386564,0,0.0111982385
5945287717,0,0.011161261
241453961,0,0.011148005
2092253284,0,0.011140706
1116860448,0,0.011104241
189436627,0,0.011101461
2852707703,0,0.011089643
3548830619,0,0.011026033
3347554213,0,0.011023065
5893778216,0,0.011006617
2599694566,0,0.011006591
6251869628,0,0.0109927
2138014396,0,0.010987787
2502555776,0,0.010924741
4899854690,0,0.010841023
42880972,0,0.010806151
5049965630,0,0.010754771
2753045671,0,0.010747391
5585526193,0,0.010739581
8347594025,0,0.0107296435
7048569723,0,0.010646254
3341138733,0,0.010642718
8707041834,0,0.010638266
5230366301,0,0.0105874995
13105990004,0,0.010568797
3206609212,0,0.010438465
8276065035,0,0.010436033
3500405004,0,0.010402153
352695133,0,0.0103905
1920019032,0,0.010291445
2543262993,0,0.010275232
2244929360,0,0.010227067
1205278,0,0.010224291
3013019453,0,0.01018651
9061695300,0,0.010183452
5820857473,0,0.01017602
2452532429,0,0.010150826
2789906668,0,0.010138047
6773147285,0,0.010121104
11522177604,0,0.010107653
2367460634,0,0.010084548
3087299161,0,0.010081125
5595896989,0,0.010078561
34312174,0,0.010024531
15943288,0,0.0099581685
2730330802,0,0.009957152
9120379381,0,0.009910498
19920683,0,0.009907319
5167387705,0,0.009887686
5131626041,0,0.009759423
8749563649,0,0.00971511
455265506,0,0.009689921
45071915,0,0.009677345
6267577453,0,0.009662667
9606507187,0,0.009589376
390740210,0,0.0093584405
492815848,0,0.009305546
8435109765,0,0.009302801
5796377819,0,0.009292261
4539789923,0,0.009287002
3397117527,0,0.009228586
8628057709,0,0.009220185
3289126014,0,0.0091697
7333337876,0,0.009158077
9713649715,0,0.009154595
5352882829,0,0.009022785
418225956,0,0.008971165
4944364139,0,0.008940632
783006956,0,0.008845689
1399704239,0,0.008809743
1801276133,0,0.008746112
2312020388,0,0.008679452
3150617796,0,0.008630467
5229835806,0,0.008569021
153220333,0,0.008553395
4094832223,0,0.0085119065
3688881154,0,0.008433811
8154228477,0,0.00838124
5327411861,0,0.008294235
2658046338,0,0.008117774
7955418824,0,0.008096678
461244034,0,0.008082715
879045265,0,0.008035983
436577575,0,0.007330396
4807067842,0,0.007153568
4863909597,0,0.007050365
3622042662,0,0.0069905734
